profile pic,nums/length username,fullname words,nums/length fullname,name==username,description length,external URL,private,#posts,#followers,#follows,fake,#followers_capped,#follows_capped,#posts_capped,foll_to_following_ratio,short_bio,no_profile_pic,high_following
1,0.27,0,0.0,0,53,0,0,32,1000,955,0,1000,955,32,1.0460251046025104,0,0,0
1,0.0,2,0.0,0,44,0,0,286,2740,533,0,2740,533,286,5.131086142322097,0,0,0
1,0.1,2,0.0,0,0,0,1,13,159,98,0,159,98,13,1.606060606060606,1,0,0
1,0.0,1,0.0,0,82,0,0,679,414,651,0,414,651,679,0.6349693251533742,0,0,0
1,0.0,2,0.0,0,0,0,1,6,151,126,0,151,126,6,1.188976377952756,1,0,0
1,0.0,4,0.0,0,81,1,0,344,669987,150,0,669987,150,344,4437.0,0,0,0
1,0.0,2,0.0,0,50,0,0,16,122,177,0,122,177,16,0.6853932584269663,0,0,0
1,0.0,2,0.0,0,0,0,0,33,1078,76,0,1078,76,33,14.0,1,0,0
1,0.0,0,0.0,0,71,0,0,72,1824,2713,0,1824,2713,72,0.6720707442888725,0,0,1
1,0.0,2,0.0,0,40,1,0,213,12945,813,0,12945,813,213,15.902948402948402,0,0,0
1,0.0,2,0.0,0,54,0,0,648,9884,1173,0,9884,1173,648,8.419080068143101,0,0,1
1,0.0,2,0.0,0,54,1,0,76,1188,365,0,1188,365,76,3.2459016393442623,0,0,0
1,0.0,2,0.0,0,0,1,0,298,945,583,0,945,583,298,1.6181506849315068,1,0,0
1,0.0,2,0.0,0,103,1,0,117,12033,248,0,12033,248,117,48.325301204819276,0,0,0
1,0.0,2,0.0,0,98,1,0,487,1962,2701,0,1962,2701,487,0.7261287934863064,0,0,1
1,0.0,3,0.0,0,46,0,0,254,50374,900,0,50374,900,254,55.90899001109878,0,0,0
1,0.0,3,0.0,0,0,0,0,59,7007,289,0,7007,289,59,24.162068965517243,1,0,0
1,0.29,3,0.0,0,48,0,0,1570,1128,694,0,1128,694,1570,1.623021582733813,0,0,0
1,0.0,2,0.0,0,63,1,0,378,34670,1878,0,34670,1878,378,18.451303885045238,0,0,1
1,0.0,2,0.0,0,106,1,0,526,2338,776,0,2338,776,526,3.009009009009009,0,0,0
1,0.0,2,0.0,0,40,0,0,228,3516,999,0,3516,999,228,3.516,0,0,0
1,0.0,1,0.0,0,35,1,1,35,1809,416,0,1809,416,35,4.338129496402877,0,0,0
1,0.0,2,0.0,0,30,0,0,281,427,470,0,427,470,281,0.9065817409766455,0,0,0
1,0.0,1,0.0,0,27,0,0,285,759,956,0,759,956,285,0.7931034482758621,0,0,0
1,0.0,0,0.0,0,0,0,0,148,15338538,61,0,1000000,61,148,16129.032258064517,1,0,0
1,0.0,1,0.0,0,109,1,1,57,109,179,0,109,179,57,0.6055555555555555,0,0,0
1,0.0,6,0.0,0,0,0,1,17,536,665,0,536,665,17,0.8048048048048048,1,0,0
1,0.0,2,0.0,0,132,1,0,511,121354,176,0,121354,176,511,685.6158192090395,0,0,0
1,0.0,2,0.0,0,126,1,0,230,2284,130,0,2284,130,230,17.435114503816795,0,0,0
1,0.0,2,0.0,0,122,0,1,15,186,174,0,186,174,15,1.062857142857143,0,0,0
1,0.0,2,0.0,0,138,0,1,980,687,1517,0,687,1517,980,0.4525691699604743,0,0,1
1,0.13,0,0.0,0,0,0,1,53,966,952,0,966,952,53,1.0136411332633788,1,0,0
1,0.0,2,0.0,0,50,0,1,111,177,170,0,177,170,111,1.0350877192982457,0,0,0
1,0.0,2,0.0,0,35,0,0,719,744,967,0,744,967,719,0.768595041322314,0,0,0
1,0.0,2,0.0,0,56,1,0,1164,542073,674,0,542073,674,1164,803.0711111111111,0,0,0
1,0.18,2,0.0,0,9,0,0,497,5315651,2703,0,1000000,2703,497,369.8224852071006,1,0,1
1,0.33,0,0.0,0,0,0,1,18,267,328,0,267,328,18,0.8115501519756839,1,0,0
1,0.0,2,0.0,0,81,0,0,50,691,680,0,691,680,50,1.014684287812041,0,0,0
1,0.0,2,0.0,0,134,0,1,74,120,112,0,120,112,74,1.0619469026548674,0,0,0
1,0.0,2,0.0,0,0,0,0,8,105,98,0,105,98,8,1.0606060606060606,1,0,0
1,0.0,0,0.0,0,2,0,0,7389,890969,11,0,890969,11,7389,74247.41666666667,1,0,0
1,0.0,2,0.0,0,0,1,0,420,361853,583,0,361853,583,420,619.611301369863,1,0,0
1,0.0,2,0.0,0,23,0,0,433,3678,1359,0,3678,1359,433,2.7044117647058825,0,0,1
1,0.0,2,0.0,0,138,1,0,156,92192,16,0,92192,16,156,5423.058823529412,0,0,0
1,0.0,4,0.0,0,35,0,0,4494,12397719,8,0,1000000,8,4494,111111.11111111111,0,0,0
1,0.0,3,0.0,0,93,0,0,751,380510,0,0,380510,0,751,380510.0,0,0,0
1,0.0,2,0.0,0,4,0,1,4,132,183,0,132,183,4,0.717391304347826,1,0,0
1,0.0,2,0.0,0,1,0,1,27,162,208,0,162,208,27,0.7751196172248804,1,0,0
1,0.0,1,0.0,0,4,0,0,91,369,546,0,369,546,91,0.6745886654478976,1,0,0
1,0.0,0,0.0,0,23,0,0,262,1476,666,0,1476,666,262,2.212893553223388,0,0,0
1,0.0,3,0.0,0,91,1,0,274,1798,461,0,1798,461,274,3.8917748917748916,0,0,0
1,0.0,2,0.0,0,57,0,0,271,2118,1109,0,2118,1109,271,1.9081081081081082,0,0,1
1,0.0,1,0.0,0,108,1,0,713,812,432,0,812,432,713,1.8752886836027713,0,0,0
1,0.0,2,0.12,0,30,1,0,200,7217,761,0,7217,761,200,9.471128608923884,0,0,0
1,0.0,0,0.0,0,82,0,0,12,313,376,0,313,376,12,0.830238726790451,0,0,0
1,0.12,1,0.0,0,12,1,0,26,64,261,0,64,261,26,0.24427480916030533,0,0,0
1,0.0,2,0.0,0,54,0,0,75,1759,643,0,1759,643,75,2.731366459627329,0,0,0
1,0.0,1,0.0,0,0,0,1,94,404,283,0,404,283,94,1.4225352112676057,1,0,0
1,0.0,1,0.0,0,12,0,0,63,1843,598,0,1843,598,63,3.0767946577629384,0,0,0
1,0.12,2,0.0,0,0,0,0,69,320377,228,0,320377,228,69,1399.0262008733625,1,0,0
1,0.0,1,0.0,0,3,0,0,12,108,97,0,108,97,12,1.1020408163265305,1,0,0
1,0.0,1,0.0,0,39,1,0,63,384,447,0,384,447,63,0.8571428571428571,0,0,0
1,0.19,2,0.0,0,0,0,0,19,60,100,0,60,100,19,0.594059405940594,1,0,0
1,0.0,1,0.0,0,68,1,0,100,802,151,0,802,151,100,5.276315789473684,0,0,0
1,0.0,2,0.0,0,129,1,0,661,51145,528,0,51145,528,661,96.68241965973534,0,0,0
1,0.0,2,0.0,0,57,1,0,149,1582,1882,0,1582,1882,149,0.8401486988847584,0,0,1
1,0.0,2,0.0,0,64,0,0,22,223,266,0,223,266,22,0.8352059925093633,0,0,0
1,0.0,1,0.0,0,42,0,0,400,18842,744,0,18842,744,400,25.291275167785233,0,0,0
1,0.0,2,0.0,0,71,1,0,149,10240,1255,0,10240,1255,149,8.152866242038217,0,0,1
1,0.0,3,0.0,0,0,0,0,122,539,639,0,539,639,122,0.8421875,1,0,0
1,0.33,2,0.0,0,70,0,0,74,399,452,0,399,452,74,0.8807947019867549,0,0,0
1,0.0,1,0.0,0,74,0,0,13,581,568,0,581,568,13,1.0210896309314588,0,0,0
1,0.0,1,0.0,0,8,0,1,8,166,163,0,166,163,8,1.0121951219512195,1,0,0
1,0.0,2,0.0,0,35,0,0,77,417,362,0,417,362,77,1.1487603305785123,0,0,0
1,0.2,2,0.0,0,0,0,1,5,266,324,0,266,324,5,0.8184615384615385,1,0,0
1,0.0,1,0.0,0,0,0,1,3,33,37,0,33,37,3,0.868421052631579,1,0,0
1,0.0,2,0.0,0,28,0,1,106,494,998,0,494,998,106,0.4944944944944945,0,0,0
1,0.0,2,0.0,0,18,0,1,14,178,245,0,178,245,14,0.7235772357723578,0,0,0
1,0.0,3,0.0,0,28,0,0,172,470,288,0,470,288,172,1.6262975778546713,0,0,0
1,0.33,1,0.0,0,36,0,0,111,807,675,0,807,675,111,1.1937869822485208,0,0,0
1,0.0,2,0.0,0,2,0,0,38,162,256,0,162,256,38,0.6303501945525292,1,0,0
1,0.06,2,0.0,0,11,0,1,19,417,395,0,417,395,19,1.053030303030303,0,0,0
1,0.0,3,0.0,0,70,1,0,227,17303,360,0,17303,360,227,47.930747922437675,0,0,0
1,0.0,2,0.0,0,29,0,0,221,1439,629,0,1439,629,221,2.284126984126984,0,0,0
1,0.0,2,0.0,0,24,1,0,580,91446,526,0,91446,526,580,173.52182163187857,0,0,0
1,0.0,3,0.0,0,21,1,0,40,824,489,0,824,489,40,1.6816326530612244,0,0,0
1,0.0,1,0.0,0,81,0,0,101,741,1440,0,741,1440,101,0.5142262317834837,0,0,1
1,0.0,1,0.0,0,34,1,1,157,1267,899,0,1267,899,157,1.4077777777777778,0,0,0
1,0.0,0,0.0,0,40,0,0,197,4594,1713,0,4594,1713,197,2.680280046674446,0,0,1
1,0.0,1,0.0,0,12,0,0,61,1135,899,0,1135,899,61,1.261111111111111,0,0,0
1,0.0,2,0.0,0,0,0,1,698,1926,1410,0,1926,1410,698,1.3649893692416726,1,0,1
1,0.0,2,0.0,0,59,0,1,49,1068,1925,0,1068,1925,49,0.5545171339563862,0,0,1
1,0.0,1,0.0,0,15,0,1,85,815,748,0,815,748,85,1.0881174899866488,0,0,0
1,0.0,2,0.0,0,54,0,0,77,565,469,0,565,469,77,1.202127659574468,0,0,0
1,0.0,1,0.0,0,16,0,0,58,2556,1074,0,2556,1074,58,2.3776744186046512,0,0,1
1,0.0,2,0.0,0,73,0,1,232,1312,935,0,1312,935,232,1.4017094017094016,0,0,0
1,0.0,1,0.0,0,24,0,0,20,699,599,0,699,599,20,1.165,0,0,0
1,0.0,0,0.0,0,0,0,0,98,4328,418,0,4328,418,98,10.329355608591886,1,0,0
1,0.0,0,0.0,0,26,1,0,559,2487,999,0,2487,999,559,2.487,0,0,0
1,0.0,3,0.0,0,0,0,0,189,673,438,0,673,438,189,1.5330296127562641,1,0,0
1,0.0,2,0.0,0,0,0,1,388,730,413,0,730,413,388,1.7632850241545894,1,0,0
1,0.0,0,0.0,0,0,0,1,28,59,55,0,59,55,28,1.0535714285714286,1,0,0
1,0.0,3,0.0,0,0,0,1,156,289,222,0,289,222,156,1.295964125560538,1,0,0
1,0.0,1,0.0,0,28,0,1,6,19,20,0,19,20,6,0.9047619047619048,0,0,0
1,0.0,2,0.0,0,55,1,0,69,3551,173,0,3551,173,69,20.408045977011493,0,0,0
1,0.0,1,0.0,0,140,1,0,775,19512,591,0,19512,591,775,32.95945945945946,0,0,0
1,0.0,0,0.0,0,122,1,0,205,2756,638,0,2756,638,205,4.312989045383412,0,0,0
1,0.0,2,0.0,0,113,1,0,209,5406,589,0,5406,589,209,9.162711864406779,0,0,0
1,0.0,2,0.0,0,38,0,1,334,459,390,0,459,390,334,1.173913043478261,0,0,0
1,0.0,2,0.0,0,0,0,0,9,218,75,0,218,75,9,2.8684210526315788,1,0,0
1,0.0,2,0.0,0,23,0,0,6,796,1155,0,796,1155,6,0.6885813148788927,0,0,1
1,0.0,1,0.0,0,0,0,0,416,1113,1854,0,1113,1854,416,0.6,1,0,1
1,0.2,1,0.0,0,89,0,1,13,138,208,0,138,208,13,0.6602870813397129,0,0,0
1,0.44,1,0.0,0,30,0,1,33,205,164,0,205,164,33,1.2424242424242424,0,0,0
1,0.0,1,0.0,0,0,0,0,1,331,333,0,331,333,1,0.9910179640718563,1,0,0
1,0.1,1,0.1,0,0,0,0,711,748,4659,0,748,4659,711,0.16051502145922747,1,0,1
1,0.0,1,0.0,0,0,0,0,114,490,1093,0,490,1093,114,0.44789762340036565,1,0,1
1,0.0,1,0.08,0,12,0,1,16,456,413,0,456,413,16,1.1014492753623188,0,0,0
1,0.0,0,0.0,0,123,1,0,107,971,2047,0,971,2047,107,0.47412109375,0,0,1
1,0.24,1,0.24,0,0,0,0,5,497,438,0,497,438,5,1.132118451025057,1,0,0
1,0.14,2,0.0,0,0,0,1,7,99,132,0,99,132,7,0.7443609022556391,1,0,0
1,0.0,0,0.0,0,0,0,1,21,193,413,0,193,413,21,0.46618357487922707,1,0,0
1,0.0,2,0.0,0,40,0,0,65,492,689,0,492,689,65,0.7130434782608696,0,0,0
1,0.29,2,0.0,0,0,0,0,10,167,164,0,167,164,10,1.0121212121212122,1,0,0
1,0.0,2,0.0,0,33,0,1,59,99,178,0,99,178,59,0.553072625698324,0,0,0
1,0.0,0,0.0,0,0,0,1,137,916,1142,0,916,1142,137,0.8013998250218722,1,0,1
1,0.0,2,0.0,0,5,0,1,10,196,209,0,196,209,10,0.9333333333333333,1,0,0
1,0.0,1,0.0,0,0,0,1,571,765,424,0,765,424,571,1.8,1,0,0
1,0.18,2,0.0,0,23,0,1,24,45,80,0,45,80,24,0.5555555555555556,0,0,0
1,0.0,1,0.0,0,35,1,0,328,634,719,0,634,719,328,0.8805555555555555,0,0,0
1,0.0,4,0.0,0,150,1,0,161,1383,7500,0,1383,7500,161,0.18437541661111853,0,0,1
1,0.0,1,0.0,0,26,0,1,280,650,703,0,650,703,280,0.9232954545454546,0,0,0
1,0.0,2,0.0,0,149,0,1,92,484,3296,0,484,3296,92,0.14680012132241432,0,0,1
1,0.0,3,0.0,0,129,0,0,31,200,270,0,200,270,31,0.7380073800738007,0,0,0
1,0.0,2,0.0,0,0,0,0,0,192,65,0,192,65,0,2.909090909090909,1,0,0
1,0.0,0,0.0,0,18,0,1,25,553,610,0,553,610,25,0.9050736497545008,0,0,0
1,0.0,2,0.0,0,74,1,0,921,27477,7202,0,27477,7202,921,3.8146605581007913,0,0,1
1,0.0,2,0.0,0,0,1,1,1020,464,1039,0,464,1039,1020,0.4461538461538462,1,0,1
1,0.0,1,0.0,0,59,0,0,301,1057,524,0,1057,524,301,2.013333333333333,0,0,0
1,0.0,3,0.0,0,148,0,0,9,413,138,0,413,138,9,2.971223021582734,0,0,0
1,0.0,0,0.0,0,0,1,0,158,389,806,0,389,806,158,0.48203221809169766,1,0,0
1,0.29,1,0.0,0,15,0,0,43,505,503,0,505,503,43,1.001984126984127,0,0,0
1,0.0,12,0.0,0,46,0,1,24,941,1208,0,941,1208,24,0.7783291976840364,0,0,1
1,0.0,2,0.0,0,5,0,1,60,2598,802,0,2598,802,60,3.2353673723536738,1,0,0
1,0.0,1,0.0,0,98,0,0,4,59,111,0,59,111,4,0.5267857142857143,0,0,0
1,0.0,2,0.0,0,55,0,0,220,622,475,0,622,475,220,1.3067226890756303,0,0,0
1,0.0,2,0.0,0,19,1,0,1159,2719,1061,0,2719,1061,1159,2.5602636534839927,0,0,1
1,0.36,5,0.0,0,71,0,0,8,216,305,0,216,305,8,0.7058823529411765,0,0,0
1,0.22,2,0.0,0,133,0,0,396,881,375,0,881,375,396,2.3430851063829787,0,0,0
1,0.08,2,0.0,0,150,1,0,38,870,72,0,870,72,38,11.917808219178083,0,0,0
1,0.0,2,0.0,0,43,0,1,1,265,371,0,265,371,1,0.7123655913978495,0,0,0
1,0.15,2,0.0,0,37,0,1,2,1204,633,0,1204,633,2,1.8990536277602523,0,0,0
1,0.0,1,0.0,0,35,0,1,43,655,1016,0,655,1016,43,0.6440511307767945,0,0,1
1,0.0,2,0.0,0,87,0,0,131,1662,1065,0,1662,1065,131,1.5590994371482176,0,0,1
1,0.14,2,0.0,0,59,0,0,7,14222,7399,0,14222,7399,7,1.921891891891892,0,0,1
1,0.0,2,0.0,0,0,0,0,57,483,1216,0,483,1216,57,0.39687756778964667,1,0,1
1,0.0,3,0.0,0,0,0,0,36,1204,2928,0,1204,2928,36,0.4110617958347559,1,0,1
1,0.0,2,0.0,0,9,0,1,91,408,635,0,408,635,91,0.6415094339622641,1,0,0
1,0.0,2,0.0,0,12,0,1,8,303,417,0,303,417,8,0.7248803827751196,0,0,0
1,0.1,0,0.0,0,0,0,0,11,125,101,0,125,101,11,1.2254901960784315,1,0,0
1,0.09,1,0.0,0,0,0,0,252,229,383,0,229,383,252,0.5963541666666666,1,0,0
1,0.15,3,0.0,0,95,1,1,15,357,489,0,357,489,15,0.7285714285714285,0,0,0
1,0.0,1,0.0,0,0,0,0,74,137,96,0,137,96,74,1.4123711340206186,1,0,0
1,0.0,2,0.0,0,46,0,1,83,255,535,0,255,535,83,0.47574626865671643,0,0,0
1,0.0,3,0.0,0,123,0,1,126,87,399,0,87,399,126,0.2175,0,0,0
1,0.0,6,0.0,0,117,1,0,663,326946,3,0,326946,3,663,81736.5,0,0,0
1,0.0,1,0.0,0,26,0,1,0,114,446,0,114,446,0,0.2550335570469799,0,0,0
1,0.0,0,0.0,0,0,0,1,10,167,387,0,167,387,10,0.43041237113402064,1,0,0
1,0.0,2,0.0,0,58,0,1,8,1247,1196,0,1247,1196,8,1.0417710944026735,0,0,1
1,0.0,1,0.0,0,0,0,0,24,585,1364,0,585,1364,24,0.42857142857142855,1,0,1
1,0.0,1,0.0,0,30,0,1,65,135,232,0,135,232,65,0.5793991416309013,0,0,0
1,0.0,3,0.0,0,62,1,0,64,722,261,0,722,261,64,2.7557251908396947,0,0,0
1,0.45,1,0.25,0,137,1,0,664,714,1159,0,714,1159,664,0.6155172413793103,0,0,1
1,0.0,2,0.0,0,149,1,0,130,39867,4664,0,39867,4664,130,8.545980707395499,0,0,1
0,0.0,0,0.0,0,14,0,1,131,533,1060,0,533,1060,131,0.5023562676720076,0,1,1
1,0.0,2,0.0,0,19,0,1,917,1158,3932,0,1158,3932,917,0.2944317315026697,0,0,1
1,0.0,10,0.0,0,131,1,0,2,45834,280,0,45834,280,2,163.1103202846975,0,0,0
1,0.0,2,0.0,0,0,0,0,142,876,529,0,876,529,142,1.6528301886792454,1,0,0
1,0.09,5,0.0,0,5,0,0,165,3003,455,0,3003,455,165,6.5855263157894735,1,0,0
1,0.09,2,0.0,0,0,0,0,80,1298,407,0,1298,407,80,3.1813725490196076,1,0,0
1,0.0,2,0.0,0,11,0,1,32,3800,278,0,3800,278,32,13.620071684587813,0,0,0
1,0.0,2,0.0,0,0,0,1,81,1358,127,0,1358,127,81,10.609375,1,0,0
1,0.0,2,0.0,0,27,1,0,334,6741307,111,0,1000000,111,334,8928.57142857143,0,0,0
1,0.38,2,0.0,0,10,1,0,8,791,456,0,791,456,8,1.7308533916849016,0,0,0
1,0.0,2,0.0,0,72,1,0,373,732075,363,0,732075,363,373,2011.1950549450548,0,0,0
1,0.0,2,0.0,0,3,0,1,56,373,360,0,373,360,56,1.0332409972299168,1,0,0
1,0.0,3,0.0,0,51,0,1,7,162,311,0,162,311,7,0.5192307692307693,0,0,0
1,0.0,1,0.0,0,44,0,1,12,309,364,0,309,364,12,0.8465753424657534,0,0,0
1,0.0,2,0.0,0,0,0,0,5,135,176,0,135,176,5,0.7627118644067796,1,0,0
1,0.0,2,0.0,0,73,1,0,77,244,172,0,244,172,77,1.4104046242774566,0,0,0
1,0.18,1,0.0,0,70,0,1,93,67,149,0,67,149,93,0.44666666666666666,0,0,0
1,0.0,2,0.0,0,35,0,0,192,984,76,0,984,76,192,12.779220779220779,0,0,0
1,0.0,2,0.0,0,13,0,1,8,751,1223,0,751,1223,8,0.613562091503268,0,0,1
1,0.0,4,0.25,0,105,0,1,145,781,529,0,781,529,145,1.4735849056603774,0,0,0
1,0.0,1,0.33,0,91,0,0,135,1761,905,0,1761,905,135,1.9437086092715232,0,0,0
1,0.14,2,0.0,0,0,0,1,18,318,523,0,318,523,18,0.6068702290076335,1,0,0
1,0.0,2,0.0,0,48,0,0,222,5282,652,0,5282,652,222,8.088820826952526,0,0,0
1,0.0,2,0.0,0,48,0,0,222,5282,652,0,5282,652,222,8.088820826952526,0,0,0
1,0.0,2,0.0,0,126,1,1,5,228,238,0,228,238,5,0.9539748953974896,0,0,0
1,0.0,2,0.0,0,0,1,1,119,393,502,0,393,502,119,0.7813121272365805,1,0,0
1,0.0,2,0.0,0,53,0,0,201,875,754,0,875,754,201,1.1589403973509933,0,0,0
1,0.0,0,0.0,0,8,0,1,12,173,373,0,173,373,12,0.4625668449197861,1,0,0
1,0.0,1,0.0,0,67,0,0,301,3896490,351,0,1000000,351,301,2840.909090909091,0,0,0
1,0.0,1,0.0,0,20,0,0,20,106,133,0,106,133,20,0.7910447761194029,0,0,0
1,0.08,2,0.0,0,26,1,0,112,206,32,0,206,32,112,6.242424242424242,0,0,0
1,0.0,0,0.0,0,86,0,1,54,259,1371,0,259,1371,54,0.18877551020408162,0,0,1
1,0.0,1,0.0,0,51,0,1,98,1013,996,0,1013,996,98,1.0160481444332998,0,0,0
1,0.11,4,0.0,0,26,1,0,16,738,544,0,738,544,16,1.3541284403669724,0,0,0
1,0.0,0,0.0,0,18,0,1,133,1008,517,0,1008,517,133,1.945945945945946,0,0,0
1,0.0,2,0.0,0,96,1,0,142,2441,396,0,2441,396,142,6.148614609571789,0,0,0
1,0.0,2,0.0,0,17,0,0,63,416,292,0,416,292,63,1.4197952218430034,0,0,0
1,0.0,2,0.0,0,0,0,1,70,516,463,0,516,463,70,1.1120689655172413,1,0,0
1,0.0,2,0.0,0,62,1,0,403,8711,345,0,8711,345,403,25.17630057803468,0,0,0
1,0.0,2,0.0,0,86,0,0,15,433,584,0,433,584,15,0.7401709401709402,0,0,0
1,0.0,2,0.0,0,148,1,0,990,18515,1000,0,18515,1000,990,18.496503496503497,0,0,0
1,0.0,2,0.0,0,1,0,1,12,70,67,0,70,67,12,1.0294117647058822,1,0,0
1,0.22,3,0.0,0,39,0,0,26,5863,157,0,5863,157,26,37.107594936708864,0,0,0
1,0.36,2,0.0,0,35,0,0,2,1677,716,0,1677,716,2,2.3389121338912133,0,0,0
1,0.0,0,0.0,0,103,0,0,24,617,272,0,617,272,24,2.26007326007326,0,0,0
1,0.0,2,0.0,0,0,1,0,411,31182,414,0,31182,414,411,75.13734939759036,1,0,0
1,0.0,2,0.0,0,61,0,1,217,1152,292,0,1152,292,217,3.931740614334471,0,0,0
1,0.15,1,0.0,0,44,0,0,156,8578,164,0,8578,164,156,51.987878787878785,0,0,0
1,0.0,1,0.0,0,0,0,0,389,4347,748,0,4347,748,389,5.803738317757009,1,0,0
1,0.0,1,0.0,0,0,0,1,8,319,335,0,319,335,8,0.9494047619047619,1,0,0
1,0.0,1,0.0,0,0,0,1,3,189,177,0,189,177,3,1.0617977528089888,1,0,0
1,0.0,1,0.0,0,112,0,1,22,743,331,0,743,331,22,2.2379518072289155,0,0,0
1,0.18,1,0.0,0,123,0,0,59,11204,124,0,11204,124,59,89.632,0,0,0
1,0.0,3,0.0,0,24,0,1,144,419,271,0,419,271,144,1.5404411764705883,0,0,0
1,0.0,2,0.0,0,34,0,0,2,81,268,0,81,268,2,0.30111524163568776,0,0,0
1,0.0,1,0.0,0,19,0,0,78,947,582,0,947,582,78,1.6243567753001715,0,0,0
1,0.0,2,0.0,0,0,0,0,28,206,333,0,206,333,28,0.6167664670658682,1,0,0
1,0.0,2,0.0,0,42,0,0,111,541,701,0,541,701,111,0.7706552706552706,0,0,0
1,0.18,3,0.0,0,50,0,0,6,392,237,0,392,237,6,1.6470588235294117,0,0,0
1,0.22,5,0.0,0,67,0,0,4,4177,3678,0,4177,3678,4,1.1353628703452026,0,0,1
1,0.17,2,0.0,0,134,1,0,31,265,321,0,265,321,31,0.8229813664596274,0,0,0
1,0.0,2,0.0,0,101,0,0,86,272,1486,0,272,1486,86,0.18291862811028917,0,0,1
1,0.0,2,0.0,0,0,0,0,240,425,917,0,425,917,240,0.46296296296296297,1,0,0
1,0.0,3,0.0,0,0,0,1,11,150,178,0,150,178,11,0.8379888268156425,1,0,0
1,0.0,2,0.0,0,17,0,1,44,711,673,0,711,673,44,1.0548961424332344,0,0,0
1,0.0,2,0.0,0,0,0,1,9,89,121,0,89,121,9,0.7295081967213115,1,0,0
1,0.0,2,0.0,0,32,0,1,62,742,653,0,742,653,62,1.1345565749235473,0,0,0
1,0.0,2,0.0,0,0,0,0,0,96,50,0,96,50,0,1.8823529411764706,1,0,0
1,0.0,1,0.0,1,80,1,1,15,77,107,0,77,107,15,0.7129629629629629,0,0,0
1,0.0,2,0.0,0,2,0,1,53,195,395,0,195,395,53,0.49242424242424243,1,0,0
1,0.0,2,0.0,0,0,0,1,2,9,13,0,9,13,2,0.6428571428571429,1,0,0
1,0.0,1,0.0,0,146,1,0,52,10794,3164,0,10794,3164,52,3.41042654028436,0,0,1
1,0.19,0,0.0,0,0,0,0,1,104,15,0,104,15,1,6.5,1,0,0
1,0.0,0,0.0,0,0,1,1,62,318,569,0,318,569,62,0.5578947368421052,1,0,0
1,0.18,1,0.0,0,0,0,0,247,355,137,0,355,137,247,2.572463768115942,1,0,0
1,0.31,1,0.0,0,0,0,1,9,99,488,0,99,488,9,0.20245398773006135,1,0,0
1,0.0,0,0.0,0,6,0,0,13,300,372,0,300,372,13,0.8042895442359249,1,0,0
1,0.15,1,0.0,0,0,0,0,204,139,61,0,139,61,204,2.2419354838709675,1,0,0
1,0.0,2,0.0,0,0,0,1,0,13,77,0,13,77,0,0.16666666666666666,1,0,0
1,0.22,1,0.14,0,0,0,1,51,606,430,0,606,430,51,1.406032482598608,1,0,0
1,0.0,1,0.0,0,64,0,0,15,428,333,0,428,333,15,1.281437125748503,0,0,0
1,0.0,1,0.0,0,0,0,0,108,494,545,0,494,545,108,0.9047619047619048,1,0,0
1,0.24,0,0.0,0,0,0,1,353,1261,2187,0,1261,2187,353,0.5763254113345521,1,0,1
1,0.0,1,0.0,0,0,0,1,5,68,87,0,68,87,5,0.7727272727272727,1,0,0
1,0.0,2,0.0,0,49,1,0,560,205558,53,0,205558,53,560,3806.6296296296296,0,0,0
1,0.0,2,0.0,0,23,0,0,85,668,609,0,668,609,85,1.0950819672131147,0,0,0
1,0.0,2,0.0,0,120,1,0,95,1456,555,0,1456,555,95,2.618705035971223,0,0,0
1,0.14,2,0.0,0,34,0,0,14,410,387,0,410,387,14,1.056701030927835,0,0,0
1,0.0,3,0.0,0,25,0,1,52,298,555,0,298,555,52,0.5359712230215827,0,0,0
1,0.0,2,0.0,0,0,0,1,7,254,345,0,254,345,7,0.7341040462427746,1,0,0
1,0.0,2,0.0,0,12,0,0,197,1070,1072,0,1070,1072,197,0.9972041006523765,0,0,1
1,0.17,2,0.0,0,0,0,1,89,1167,618,0,1167,618,89,1.8852988691437802,1,0,0
1,0.0,2,0.0,0,9,0,1,34,335,300,0,335,300,34,1.1129568106312293,1,0,0
1,0.08,2,0.0,0,1,0,0,283,346,426,0,346,426,283,0.810304449648712,1,0,0
1,0.0,2,0.0,0,18,0,1,65,1746,1631,0,1746,1631,65,1.0698529411764706,0,0,1
1,0.0,2,0.0,0,34,0,1,126,268,370,0,268,370,126,0.7223719676549866,0,0,0
1,0.0,3,0.0,0,23,0,1,327,537,1002,0,537,1002,327,0.5353938185443669,0,0,1
1,0.0,1,0.0,0,19,0,1,42,805,488,0,805,488,42,1.6462167689161553,0,0,0
1,0.0,2,0.0,0,139,0,0,36,1504,52,0,1504,52,36,28.37735849056604,0,0,0
1,0.0,2,0.0,0,13,0,1,3,104,119,0,104,119,3,0.8666666666666667,0,0,0
1,0.0,2,0.0,0,50,0,0,53,380,462,0,380,462,53,0.8207343412526998,0,0,0
1,0.0,3,0.0,0,46,1,1,7,257,346,0,257,346,7,0.7406340057636888,0,0,0
1,0.0,1,0.0,0,30,0,1,103,1775,7500,0,1775,7500,103,0.2366351153179576,0,0,1
1,0.3,2,0.0,0,26,0,1,241,1456,1200,0,1456,1200,241,1.212323064113239,0,0,1
1,0.0,0,0.0,0,0,0,1,103,265,264,0,265,264,103,1.0,1,0,0
1,0.0,1,0.0,0,0,0,1,93,1051,694,0,1051,694,93,1.5122302158273382,1,0,0
1,0.11,1,0.0,0,0,0,0,1,77,34,0,77,34,1,2.2,1,0,0
0,0.0,1,0.0,0,27,0,1,16,220,323,0,220,323,16,0.6790123456790124,0,1,0
1,0.07,2,0.0,0,37,1,1,32,178,81,0,178,81,32,2.1707317073170733,0,0,0
1,0.0,1,0.0,0,31,0,1,1232,728,1213,0,728,1213,1232,0.5996705107084019,0,0,1
1,0.0,1,0.0,0,20,0,1,75,668,294,0,668,294,75,2.2644067796610168,0,0,0
1,0.0,2,0.0,0,7,0,0,5,406,408,0,406,408,5,0.9926650366748166,1,0,0
1,0.0,2,0.0,0,0,0,0,3,37,22,0,37,22,3,1.608695652173913,1,0,0
1,0.0,2,0.0,0,0,0,1,30,56,114,0,56,114,30,0.48695652173913045,1,0,0
0,0.22,1,0.0,0,0,0,0,0,90,333,1,90,333,0,0.2694610778443114,1,1,0
0,0.38,1,0.0,0,0,0,0,0,60,31,1,60,31,0,1.875,1,1,0
0,0.43,1,0.0,0,0,0,1,2,271,445,1,271,445,2,0.6076233183856502,1,1,0
1,0.0,0,0.0,0,0,0,1,3,1,80,1,1,80,3,0.012345679012345678,1,0,0
1,0.5,3,0.0,0,24,0,1,13,158,309,1,158,309,13,0.5096774193548387,0,0,0
0,0.31,2,0.0,0,0,0,0,0,39,64,1,39,64,0,0.6,1,1,0
0,0.22,1,0.22,0,43,0,1,1,0,11,1,0,11,1,0.0,0,1,0
0,0.0,1,0.0,0,0,0,1,0,0,853,1,0,853,0,0.0,1,1,0
1,0.25,1,0.0,0,0,0,1,10,0,23,1,0,23,10,0.0,1,0,0
0,0.0,2,0.0,0,0,0,0,0,12,5,1,12,5,0,2.0,1,1,0
0,0.33,1,0.0,0,0,0,0,0,10,18,1,10,18,0,0.5263157894736842,1,1,0
0,0.33,1,0.0,0,0,0,1,0,1,34,1,1,34,0,0.02857142857142857,1,1,0
0,0.0,1,0.0,0,0,0,0,0,1,8,1,1,8,0,0.1111111111111111,1,1,0
0,0.0,0,0.0,0,0,0,1,0,0,0,1,0,0,0,0.0,1,1,0
0,0.12,1,0.0,0,0,0,1,0,31,213,1,31,213,0,0.14485981308411214,1,1,0
0,0.18,1,0.0,0,0,0,1,0,5,10,1,5,10,0,0.45454545454545453,1,1,0
0,0.5,1,0.0,0,0,0,1,5,18,58,1,18,58,5,0.3050847457627119,1,1,0
1,0.5,1,0.0,0,0,0,1,0,12,77,1,12,77,0,0.15384615384615385,1,0,0
0,0.5,1,0.0,0,0,0,1,0,6,37,1,6,37,0,0.15789473684210525,1,1,0
1,0.57,1,0.0,0,0,0,0,0,47,10,1,47,10,0,4.2727272727272725,1,0,0
0,0.45,3,0.0,0,0,0,0,0,33,4,1,33,4,0,6.6,1,1,0
0,0.5,1,0.0,0,0,0,1,141,4,279,1,4,279,141,0.014285714285714285,1,1,0
0,0.57,1,0.0,0,0,0,1,6,5,15,1,5,15,6,0.3125,1,1,0
1,0.0,1,0.0,0,0,0,1,1,0,44,1,0,44,1,0.0,1,0,0
0,0.44,1,0.43,0,0,0,1,0,5,17,1,5,17,0,0.2777777777777778,1,1,0
0,0.0,1,0.0,0,0,0,1,1,107,42,1,107,42,1,2.488372093023256,1,1,0
1,0.88,1,0.0,0,0,0,1,39,8,60,1,8,60,39,0.13114754098360656,1,0,0
0,0.0,1,0.0,0,0,0,0,0,48,6,1,48,6,0,6.857142857142857,1,1,0
0,0.22,0,0.0,0,0,0,1,9,2,215,1,2,215,9,0.009259259259259259,1,1,0
0,0.0,2,0.0,0,0,0,1,0,51,126,1,51,126,0,0.4015748031496063,1,1,0
1,0.0,1,0.0,0,43,0,1,21,5,48,1,5,48,21,0.10204081632653061,0,0,0
0,0.0,1,0.0,0,0,0,1,0,0,802,1,0,802,0,0.0,1,1,0
0,0.55,1,0.0,0,0,0,0,0,26,46,1,26,46,0,0.5531914893617021,1,1,0
0,0.07,1,0.0,0,0,0,1,0,0,601,1,0,601,0,0.0,1,1,0
1,0.8,1,0.0,0,13,0,1,3,76,168,1,76,168,3,0.44970414201183434,0,0,0
0,0.0,1,0.4,0,0,0,1,0,165,689,1,165,689,0,0.2391304347826087,1,1,0
0,0.0,1,0.0,0,0,0,0,0,115,230,1,115,230,0,0.49783549783549785,1,1,0
0,0.31,1,0.36,0,0,0,0,0,6,15,1,6,15,0,0.375,1,1,0
0,0.4,1,0.0,0,0,0,0,0,24,49,1,24,49,0,0.48,1,1,0
0,0.33,1,0.0,0,0,0,1,0,40,236,1,40,236,0,0.16877637130801687,1,1,0
0,0.0,1,0.0,0,0,0,1,6,32,52,1,32,52,6,0.6037735849056604,1,1,0
0,0.33,1,0.33,1,0,0,1,0,0,35,1,0,35,0,0.0,1,1,0
0,0.36,1,0.0,0,0,0,0,0,21,44,1,21,44,0,0.4666666666666667,1,1,0
1,0.55,1,0.29,0,0,0,1,1,79,767,1,79,767,1,0.10286458333333333,1,0,0
1,0.41,1,0.0,0,0,0,1,4,8,37,1,8,37,4,0.21052631578947367,1,0,0
1,0.43,0,0.0,0,0,0,0,0,49,79,1,49,79,0,0.6125,1,0,0
0,0.11,1,0.11,1,0,0,1,0,31,91,1,31,91,0,0.33695652173913043,1,1,0
1,0.0,1,0.0,1,0,0,1,0,15,41,1,15,41,0,0.35714285714285715,1,0,0
1,0.25,1,0.0,0,0,0,0,0,4,3,1,4,3,0,1.0,1,0,0
1,0.44,1,0.0,0,0,0,1,0,0,229,1,0,229,0,0.0,1,0,0
1,0.3,0,0.0,0,0,0,1,17,316,1165,1,316,1165,17,0.27101200686106347,1,0,1
0,0.1,1,0.0,0,0,0,1,0,0,0,1,0,0,0,0.0,1,1,0
0,0.0,1,0.0,0,0,0,0,1,3,1,1,3,1,1,1.5,1,1,0
0,0.0,2,0.0,0,0,0,0,0,2,30,1,2,30,0,0.06451612903225806,1,1,0
1,0.29,2,0.0,0,9,0,1,7,221,244,1,221,244,7,0.9020408163265307,1,0,0
0,0.0,1,0.0,0,0,0,0,13,181,935,1,181,935,13,0.19337606837606838,1,1,0
0,0.0,2,0.0,0,0,0,1,0,9,167,1,9,167,0,0.05357142857142857,1,1,0
0,0.67,1,0.0,0,0,0,0,0,2,0,1,2,0,0,2.0,1,1,0
1,0.31,1,0.31,1,0,0,1,0,25,86,1,25,86,0,0.28735632183908044,1,0,0
1,0.0,3,0.0,0,18,0,0,5,26,129,1,26,129,5,0.2,0,0,0
1,0.89,1,0.89,0,0,0,1,124,15,305,1,15,305,124,0.049019607843137254,1,0,0
1,0.0,1,0.0,0,10,0,0,9,59,48,1,59,48,9,1.2040816326530612,0,0,0
0,0.2,1,0.2,1,61,0,1,5,7,47,1,7,47,5,0.14583333333333334,0,1,0
0,0.12,1,0.0,0,0,0,1,2,40,179,1,40,179,2,0.2222222222222222,1,1,0
0,0.0,1,0.0,0,0,0,0,0,51,41,1,51,41,0,1.2142857142857142,1,1,0
1,0.0,5,0.0,0,0,0,0,150,133,750,1,133,750,150,0.17709720372836218,1,0,0
1,0.0,0,0.0,0,0,0,1,29,25,39,1,25,39,29,0.625,1,0,0
1,0.18,1,0.0,0,0,0,1,108,864,3646,1,864,3646,108,0.23690704688785302,1,0,1
1,0.0,0,0.0,0,0,0,0,77,73,35,1,73,35,77,2.0277777777777777,1,0,0
1,0.38,1,0.4,0,0,0,1,3,184,170,1,184,170,3,1.0760233918128654,1,0,0
1,0.43,1,0.0,0,0,0,1,7,161,333,1,161,333,7,0.4820359281437126,1,0,0
1,0.22,1,0.22,1,0,0,1,3,42,694,1,42,694,3,0.060431654676258995,1,0,0
1,0.0,1,0.0,0,22,0,1,131,279,1124,1,279,1124,131,0.248,0,0,1
1,0.0,1,0.0,0,0,0,0,40,219,155,1,219,155,40,1.4038461538461537,1,0,0
1,0.24,1,0.24,1,0,0,1,4,18,106,1,18,106,4,0.16822429906542055,1,0,0
1,0.44,1,0.0,0,0,0,1,84,106,171,1,106,171,84,0.6162790697674418,1,0,0
1,0.5,0,0.0,0,2,0,1,299,34,108,1,34,108,299,0.3119266055045872,1,0,0
0,0.0,1,0.0,0,0,0,0,11,42,26,1,42,26,11,1.5555555555555556,1,1,0
1,0.16,0,0.0,0,146,0,1,0,1,13,1,1,13,0,0.07142857142857142,0,0,0
0,0.89,0,0.0,0,0,0,1,0,38,68,1,38,68,0,0.5507246376811594,1,1,0
1,0.58,1,0.36,0,6,0,1,1,34,44,1,34,44,1,0.7555555555555555,1,0,0
1,0.29,1,0.0,0,50,0,1,4,23,151,1,23,151,4,0.1513157894736842,0,0,0
1,0.3,1,0.0,0,0,0,1,0,23,37,1,23,37,0,0.6052631578947368,1,0,0
0,0.5,2,0.0,0,0,0,0,0,83,139,1,83,139,0,0.5928571428571429,1,1,0
0,0.4,1,0.0,0,0,0,0,0,25,28,1,25,28,0,0.8620689655172413,1,1,0
1,0.0,0,0.0,0,39,0,1,3,13,38,1,13,38,3,0.3333333333333333,0,0,0
0,0.25,1,0.0,0,0,0,0,0,64,60,1,64,60,0,1.0491803278688525,1,1,0
0,0.36,1,0.0,0,0,0,0,0,90,69,1,90,69,0,1.2857142857142858,1,1,0
0,0.33,2,0.0,0,0,0,0,0,82,6,1,82,6,0,11.714285714285714,1,1,0
0,0.0,0,0.0,0,0,0,0,0,140,319,1,140,319,0,0.4375,1,1,0
0,0.36,1,0.0,0,0,0,1,0,0,29,1,0,29,0,0.0,1,1,0
1,0.3,1,0.0,0,5,0,1,1,51,420,1,51,420,1,0.12114014251781473,1,0,0
1,0.12,1,0.0,0,91,0,0,7,38,87,1,38,87,7,0.4318181818181818,0,0,0
0,0.33,1,0.38,0,2,0,1,3,21,733,1,21,733,3,0.02861035422343324,1,1,0
1,0.38,1,0.0,0,0,0,1,0,5,121,1,5,121,0,0.040983606557377046,1,0,0
1,0.4,1,0.0,0,0,0,1,0,21,45,1,21,45,0,0.45652173913043476,1,0,0
0,0.57,0,0.0,0,0,0,1,5,124,249,1,124,249,5,0.496,1,1,0
0,0.22,1,0.0,0,0,0,1,0,5,56,1,5,56,0,0.08771929824561403,1,1,0
1,0.38,1,0.0,0,37,0,1,1,2,16,1,2,16,1,0.11764705882352941,0,0,0
0,0.64,2,0.0,0,0,0,0,0,42,46,1,42,46,0,0.8936170212765957,1,1,0
1,0.33,1,0.33,0,0,0,1,12,48,45,1,48,45,12,1.0434782608695652,1,0,0
0,0.31,1,0.31,1,0,0,0,0,32,25,1,32,25,0,1.2307692307692308,1,1,0
0,0.0,1,0.0,0,0,0,1,0,0,71,1,0,71,0,0.0,1,1,0
0,0.25,1,0.0,0,0,0,0,0,0,0,1,0,0,0,0.0,1,1,0
1,0.12,1,0.0,0,0,0,1,1,10,104,1,10,104,1,0.09523809523809523,1,0,0
1,0.38,1,0.0,0,0,0,1,92,19,31,1,19,31,92,0.59375,1,0,0
0,0.31,1,0.0,0,0,0,1,0,138,99,1,138,99,0,1.38,1,1,0
0,0.2,0,0.0,0,0,0,1,0,11,157,1,11,157,0,0.06962025316455696,1,1,0
0,0.0,1,0.0,0,0,0,1,0,1,64,1,1,64,0,0.015384615384615385,1,1,0
0,0.42,1,0.0,0,0,0,0,0,39,40,1,39,40,0,0.9512195121951219,1,1,0
1,0.0,0,0.0,0,148,0,0,21,446,1762,1,446,1762,21,0.25297787861599547,0,0,1
1,0.57,1,0.0,0,0,0,1,7,9,82,1,9,82,7,0.10843373493975904,1,0,0
0,0.0,0,0.0,0,0,0,0,9,589,2980,1,589,2980,9,0.19758470311975848,1,1,1
0,0.06,1,0.0,0,0,0,0,0,27,63,1,27,63,0,0.421875,1,1,0
1,0.0,2,0.0,0,0,0,0,14,143,500,1,143,500,14,0.28542914171656686,1,0,0
0,0.0,2,0.0,0,0,0,1,0,0,177,1,0,177,0,0.0,1,1,0
0,0.0,3,0.0,0,0,0,1,0,0,130,1,0,130,0,0.0,1,1,0
0,0.21,1,0.0,0,0,0,0,3,124,135,1,124,135,3,0.9117647058823529,1,1,0
1,0.07,0,0.0,0,0,0,1,0,12,192,1,12,192,0,0.06217616580310881,1,0,0
0,0.42,1,0.0,0,0,0,0,0,16,36,1,16,36,0,0.43243243243243246,1,1,0
0,0.21,1,0.0,0,0,0,0,1,1,2,1,1,2,1,0.3333333333333333,1,1,0
0,0.38,1,0.0,0,0,0,0,1,120,181,1,120,181,1,0.6593406593406593,1,1,0
0,0.0,2,0.0,0,0,0,1,0,0,71,1,0,71,0,0.0,1,1,0
0,0.0,1,0.0,0,0,0,0,1,26,8,1,26,8,1,2.888888888888889,1,1,0
1,0.14,3,0.0,0,0,0,0,0,57,167,1,57,167,0,0.3392857142857143,1,0,0
0,0.15,2,0.0,0,0,0,0,1,13,22,1,13,22,1,0.5652173913043478,1,1,0
1,0.0,4,0.0,0,149,0,0,28,1031,208,1,1031,208,28,4.9330143540669855,0,0,0
1,0.18,1,0.0,0,0,0,0,0,42,146,1,42,146,0,0.2857142857142857,1,0,0
1,0.33,2,0.0,0,0,0,0,25,70,64,1,70,64,25,1.0769230769230769,1,0,0
1,0.18,1,0.0,0,0,0,1,0,0,8,1,0,8,0,0.0,1,0,0
1,0.3,1,0.0,0,0,0,0,0,46,92,1,46,92,0,0.4946236559139785,1,0,0
1,0.43,2,0.0,0,0,0,0,111,834,4118,1,834,4118,111,0.202476329206118,1,0,1
0,0.0,2,0.0,0,22,0,1,2,389,392,1,389,392,2,0.989821882951654,0,1,0
1,0.33,0,0.0,0,0,0,0,0,43,221,1,43,221,0,0.19369369369369369,1,0,0
0,0.33,1,0.0,0,0,0,1,0,23,40,1,23,40,0,0.5609756097560976,1,1,0
0,0.0,1,0.0,0,0,0,1,0,5,82,1,5,82,0,0.060240963855421686,1,1,0
0,0.71,0,0.0,0,0,0,1,0,4,25,1,4,25,0,0.15384615384615385,1,1,0
0,0.5,1,0.0,0,0,0,0,0,17,44,1,17,44,0,0.37777777777777777,1,1,0
1,0.25,1,0.0,0,2,0,1,5,182,227,1,182,227,5,0.7982456140350878,1,0,0
1,0.33,1,0.0,0,0,0,0,10,108,304,1,108,304,10,0.3540983606557377,1,0,0
0,0.5,1,0.33,0,0,0,0,3,43,123,1,43,123,3,0.3467741935483871,1,1,0
0,0.29,1,0.0,0,0,0,0,19,77,8,1,77,8,19,8.555555555555555,1,1,0
0,0.09,1,0.0,0,0,0,0,0,32,87,1,32,87,0,0.36363636363636365,1,1,0
0,0.25,1,0.0,0,0,0,1,0,0,11,1,0,11,0,0.0,1,1,0
1,0.13,1,0.0,0,0,0,1,8,40,66,1,40,66,8,0.5970149253731343,1,0,0
0,0.33,1,0.33,1,20,0,0,2,53,303,1,53,303,2,0.17434210526315788,0,1,0
1,0.14,2,0.0,0,0,0,0,10,67,90,1,67,90,10,0.7362637362637363,1,0,0
1,0.0,3,0.0,0,0,0,0,29,122,336,1,122,336,29,0.3620178041543027,1,0,0
0,0.0,2,0.0,0,0,0,0,0,18,49,1,18,49,0,0.36,1,1,0
0,0.4,1,0.0,0,0,0,1,0,24,88,1,24,88,0,0.2696629213483146,1,1,0
1,0.0,1,0.0,0,0,0,0,2,35,136,1,35,136,2,0.25547445255474455,1,0,0
1,0.4,1,0.4,1,0,0,1,3,119,151,1,119,151,3,0.7828947368421053,1,0,0
1,0.1,1,0.0,0,0,0,1,5,6,24,1,6,24,5,0.24,1,0,0
0,0.43,1,0.4,0,0,0,0,0,34,26,1,34,26,0,1.2592592592592593,1,1,0
1,0.0,3,0.0,0,148,0,0,63,272,295,1,272,295,63,0.918918918918919,0,0,0
1,0.44,2,0.0,0,0,0,0,1,53,137,1,53,137,1,0.38405797101449274,1,0,0
1,0.33,0,0.0,0,50,0,1,4,818,618,1,818,618,4,1.321486268174475,0,0,0
1,0.0,3,0.0,0,0,0,0,34,82,74,1,82,74,34,1.0933333333333333,1,0,0
1,0.38,2,0.0,0,2,0,0,0,40,233,1,40,233,0,0.17094017094017094,1,0,0
1,0.4,0,0.0,0,0,0,1,0,21,76,1,21,76,0,0.2727272727272727,1,0,0
1,0.33,1,0.0,0,0,0,0,6,59,38,1,59,38,6,1.5128205128205128,1,0,0
1,0.12,1,0.0,0,0,0,0,2,102,109,1,102,109,2,0.9272727272727272,1,0,0
1,0.29,0,0.0,0,0,0,1,7,576,474,1,576,474,7,1.2126315789473685,1,0,0
0,0.57,2,0.4,0,0,0,0,0,19,16,1,19,16,0,1.1176470588235294,1,1,0
1,0.0,0,0.0,0,0,0,1,0,66,161,1,66,161,0,0.4074074074074074,1,0,0
1,0.0,1,0.0,0,0,0,1,5,310,894,1,310,894,5,0.3463687150837989,1,0,0
1,0.0,1,0.0,1,34,0,1,0,16,17,1,16,17,0,0.8888888888888888,0,0,0
0,0.0,1,0.0,0,0,0,0,0,15,4,1,15,4,0,3.0,1,1,0
1,0.07,1,0.0,0,0,0,1,0,47,98,1,47,98,0,0.47474747474747475,1,0,0
1,0.0,1,0.0,1,0,0,0,4,88,61,1,88,61,4,1.4193548387096775,1,0,0
1,0.27,1,0.0,0,0,0,1,1,51,59,1,51,59,1,0.85,1,0,0
1,0.0,2,0.0,0,0,0,0,26,505,2330,1,505,2330,26,0.21664521664521663,1,0,1
1,0.36,1,0.0,0,0,0,0,9,159,433,1,159,433,9,0.3663594470046083,1,0,0
1,0.29,1,0.33,0,0,0,1,4,77,1269,1,77,1269,4,0.06062992125984252,1,0,1
1,0.83,1,0.0,0,32,0,0,4,61,76,1,61,76,4,0.7922077922077922,0,0,0
0,0.67,1,0.0,0,0,0,1,0,7,14,1,7,14,0,0.4666666666666667,1,1,0
1,0.38,1,0.33,0,0,0,1,0,11,60,1,11,60,0,0.18032786885245902,1,0,0
0,0.58,1,0.0,0,0,0,0,0,49,22,1,49,22,0,2.130434782608696,1,1,0
0,0.0,1,0.0,0,0,0,0,0,15,595,1,15,595,0,0.025167785234899327,1,1,0
1,0.2,2,0.0,0,0,0,0,1,1,9,1,1,9,1,0.1,1,0,0
0,0.0,1,0.0,0,0,0,0,0,17,1,1,17,1,0,8.5,1,1,0
0,0.29,2,0.0,0,0,0,0,0,15,1,1,15,1,0,7.5,1,1,0
1,0.25,1,0.0,0,59,0,0,28,358,1990,1,358,1990,28,0.17980914113510799,0,0,1
0,0.25,1,0.0,0,0,0,0,0,20,7,1,20,7,0,2.5,1,1,0
0,0.0,1,0.0,0,6,0,0,1,50,32,1,50,32,1,1.5151515151515151,1,1,0
0,0.0,1,0.0,0,0,0,0,0,57,76,1,57,76,0,0.7402597402597403,1,1,0
0,0.31,1,0.0,0,0,0,0,2,12,15,1,12,15,2,0.75,1,1,0
1,0.67,1,0.0,0,0,0,0,2,218,792,1,218,792,2,0.27490542244640603,1,0,0
0,0.33,1,0.25,0,0,0,0,9,78,98,1,78,98,9,0.7878787878787878,1,1,0
0,0.47,1,0.0,0,0,0,0,1,16,23,1,16,23,1,0.6666666666666666,1,1,0
0,0.36,1,0.0,0,0,0,0,8,39,17,1,39,17,8,2.1666666666666665,1,1,0
0,0.0,1,0.0,0,0,0,0,0,15,1,1,15,1,0,7.5,1,1,0
0,0.4,0,0.0,0,0,0,0,0,30,48,1,30,48,0,0.6122448979591837,1,1,0
0,0.33,1,0.0,0,0,0,0,0,85,638,1,85,638,0,0.13302034428794993,1,1,0
0,0.33,1,0.0,0,0,0,0,0,77,747,1,77,747,0,0.10294117647058823,1,1,0
0,0.55,2,0.0,0,0,0,0,0,49,82,1,49,82,0,0.5903614457831325,1,1,0
0,0.27,1,0.27,1,0,0,0,0,16,24,1,16,24,0,0.64,1,1,0
0,0.44,1,0.0,0,0,0,0,0,8,6,1,8,6,0,1.1428571428571428,1,1,0
0,0.44,1,0.0,0,0,0,0,2,34,22,1,34,22,2,1.4782608695652173,1,1,0
0,0.47,1,0.0,0,0,0,0,2,45,83,1,45,83,2,0.5357142857142857,1,1,0
0,0.33,1,0.0,0,0,0,0,0,49,0,1,49,0,0,49.0,1,1,0
0,0.0,2,0.0,0,0,0,0,0,15,5,1,15,5,0,2.5,1,1,0
0,0.25,1,0.0,0,0,0,0,0,92,403,1,92,403,0,0.22772277227722773,1,1,0
1,0.91,1,0.0,0,0,0,0,0,75,26,1,75,26,0,2.7777777777777777,1,0,0
0,0.44,1,0.0,0,0,0,0,0,10,0,1,10,0,0,10.0,1,1,0
1,0.12,1,0.0,0,1,0,0,0,23,26,1,23,26,0,0.8518518518518519,1,0,0
0,0.2,1,0.0,0,0,0,0,0,22,11,1,22,11,0,1.8333333333333333,1,1,0
0,0.24,2,0.0,0,0,0,0,0,55,46,1,55,46,0,1.1702127659574468,1,1,0
0,0.27,1,0.0,0,0,0,0,0,16,0,1,16,0,0,16.0,1,1,0
0,0.25,1,0.0,0,0,0,0,0,7,20,1,7,20,0,0.3333333333333333,1,1,0
0,0.28,1,0.24,0,0,0,0,0,86,0,1,86,0,0,86.0,1,1,0
0,0.38,1,0.0,0,0,0,0,0,3,11,1,3,11,0,0.25,1,1,0
0,0.57,2,0.0,0,0,0,0,0,12,30,1,12,30,0,0.3870967741935484,1,1,0
1,0.44,1,0.0,0,0,0,0,1,14,56,1,14,56,1,0.24561403508771928,1,0,0
0,0.47,1,0.0,0,0,0,0,0,24,22,1,24,22,0,1.0434782608695652,1,1,0
0,0.0,2,0.0,0,0,0,0,0,52,1,1,52,1,0,26.0,1,1,0
0,0.44,1,0.0,0,0,0,0,1,16,27,1,16,27,1,0.5714285714285714,1,1,0
0,0.44,1,0.0,0,0,0,0,4,17,20,1,17,20,4,0.8095238095238095,1,1,0
0,0.57,2,0.0,0,0,0,0,0,50,49,1,50,49,0,1.0,1,1,0
0,0.54,1,0.0,0,0,0,0,5,136,1029,1,136,1029,5,0.13203883495145632,1,1,1
1,0.43,1,0.0,0,0,0,0,10,178,1417,1,178,1417,10,0.12552891396332863,1,0,1
0,0.89,0,0.0,0,0,0,0,1,50,39,1,50,39,1,1.25,1,1,0
1,0.38,1,0.0,0,0,0,0,2,207,2426,1,207,2426,2,0.08529048207663782,1,0,1
0,0.36,1,0.0,0,0,0,1,0,178,828,1,178,828,0,0.2147165259348613,1,1,0
0,0.0,1,0.0,1,0,0,0,0,16,26,1,16,26,0,0.5925925925925926,1,1,0
0,0.14,1,0.0,0,0,0,0,0,49,2,1,49,2,0,16.333333333333332,1,1,0
0,0.2,1,0.33,0,0,0,0,2,49,12,1,49,12,2,3.769230769230769,1,1,0
0,0.1,0,0.0,0,0,0,0,0,37,4,1,37,4,0,7.4,1,1,0
0,0.5,1,0.4,0,0,0,0,0,21,0,1,21,0,0,21.0,1,1,0
1,0.58,1,0.44,0,0,0,0,21,356,2176,1,356,2176,21,0.16352779053743685,1,0,1
0,0.44,2,0.0,0,0,0,0,0,46,4,1,46,4,0,9.2,1,1,0
0,0.22,1,0.33,0,0,0,0,0,49,0,1,49,0,0,49.0,1,1,0
0,0.0,1,0.0,0,0,0,0,0,49,58,1,49,58,0,0.8305084745762712,1,1,0
0,0.0,1,0.0,0,0,0,0,0,44,45,1,44,45,0,0.9565217391304348,1,1,0
0,0.13,2,0.0,0,0,0,0,0,42,240,1,42,240,0,0.17427385892116182,1,1,0
0,0.38,1,0.33,0,0,0,0,0,47,9,1,47,9,0,4.7,1,1,0
0,0.1,2,0.0,0,0,0,0,0,48,1,1,48,1,0,24.0,1,1,0
1,0.91,1,0.0,0,0,0,0,0,75,26,1,75,26,0,2.7777777777777777,1,0,0
0,0.08,1,0.0,0,0,0,0,0,115,289,1,115,289,0,0.39655172413793105,1,1,0
0,0.88,1,1.0,0,0,0,0,5,53,66,1,53,66,5,0.7910447761194029,1,1,0
0,0.67,1,0.0,0,0,0,0,0,32,23,1,32,23,0,1.3333333333333333,1,1,0
0,0.44,1,0.0,0,0,0,0,0,39,153,1,39,153,0,0.2532467532467532,1,1,0
0,0.18,1,0.0,0,0,0,0,0,3033,1155,1,3033,1155,0,2.6237024221453287,1,1,1
0,0.25,1,0.0,0,0,0,0,0,3003,825,1,3003,825,0,3.635593220338983,1,1,0
0,0.88,1,1.0,0,0,0,0,1,34,36,1,34,36,1,0.918918918918919,1,1,0
0,0.36,1,0.0,0,0,0,0,37,218,1528,1,218,1528,37,0.14257684761281883,1,1,1
1,0.33,2,0.22,0,0,0,0,8,210,1543,1,210,1543,8,0.13601036269430053,1,0,1
1,0.2,2,0.0,0,19,0,0,4,1489,3715,1,1489,3715,4,0.40069967707212056,0,0,1
0,0.5,1,0.5,1,0,0,0,0,10,2,1,10,2,0,3.3333333333333335,1,1,0
0,0.33,1,0.0,0,0,0,0,28,201,812,1,201,812,28,0.24723247232472326,1,1,0
0,0.0,2,0.0,0,0,0,0,0,351,2663,1,351,2663,0,0.13175675675675674,1,1,1
0,0.43,1,0.0,0,0,0,0,0,52,16,1,52,16,0,3.0588235294117645,1,1,0
0,0.25,1,0.18,0,0,0,0,6,156,423,1,156,423,6,0.36792452830188677,1,1,0
0,0.43,2,0.0,0,0,0,0,12,85,477,1,85,477,12,0.17782426778242677,1,1,0
0,0.24,1,0.0,0,0,0,0,0,35,38,1,35,38,0,0.8974358974358975,1,1,0
0,0.44,1,0.0,0,0,0,0,0,55,28,1,55,28,0,1.896551724137931,1,1,0
0,0.27,2,0.0,0,43,0,1,0,16,51,1,16,51,0,0.3076923076923077,0,1,0
0,0.38,1,0.0,0,0,0,0,0,43,88,1,43,88,0,0.48314606741573035,1,1,0
0,0.4,1,0.0,0,0,0,0,2,97,408,1,97,408,2,0.2371638141809291,1,1,0
0,0.57,1,0.57,1,0,0,0,2,34,112,1,34,112,2,0.3008849557522124,1,1,0
0,0.0,1,0.0,1,0,0,0,0,2346,7272,1,2346,7272,0,0.3225629038911041,1,1,1
0,0.25,1,0.0,0,0,0,0,0,49,95,1,49,95,0,0.5104166666666666,1,1,0
1,0.19,0,0.0,0,0,0,1,2,2,55,1,2,55,2,0.03571428571428571,1,0,0
0,0.46,1,0.46,1,0,0,0,2,40,19,1,40,19,2,2.0,1,1,0
0,0.46,1,0.0,0,0,0,1,0,332,1333,1,332,1333,0,0.24887556221889057,1,1,1
0,0.73,1,0.0,0,0,0,0,0,14,542,1,14,542,0,0.02578268876611418,1,1,0
1,0.6,1,0.5,0,0,0,0,12,65,162,1,65,162,12,0.3987730061349693,1,0,0
1,0.46,1,0.5,0,0,0,0,1,20,52,1,20,52,1,0.37735849056603776,1,0,0
0,0.31,1,0.31,1,0,0,0,0,26,27,1,26,27,0,0.9285714285714286,1,1,0
1,0.43,1,0.43,0,0,0,0,0,72,434,1,72,434,0,0.16551724137931034,1,0,0
1,0.0,1,0.0,0,0,0,0,1,55,2,1,55,2,1,18.333333333333332,1,0,0
1,0.5,1,0.4,0,33,0,0,12,77,108,1,77,108,12,0.7064220183486238,0,0,0
1,0.0,4,0.25,0,0,0,1,59,31,215,1,31,215,59,0.14351851851851852,1,0,0
0,0.86,2,0.18,0,0,0,0,0,57,130,1,57,130,0,0.4351145038167939,1,1,0
0,0.62,1,0.0,0,0,0,1,0,58,347,1,58,347,0,0.16666666666666666,1,1,0
1,0.33,2,0.0,0,0,0,0,23,47,139,1,47,139,23,0.3357142857142857,1,0,0
1,0.16,1,0.12,0,43,0,0,3,31,37,1,31,37,3,0.8157894736842105,0,0,0
1,0.92,1,1.0,0,0,0,0,11,96,242,1,96,242,11,0.3950617283950617,1,0,0
1,0.27,1,0.0,0,19,0,0,8,126,860,1,126,860,8,0.14634146341463414,0,0,0
1,0.25,1,0.0,0,0,0,1,102,39,229,1,39,229,102,0.16956521739130434,1,0,0
1,0.43,1,0.0,0,5,0,0,6,66,161,1,66,161,6,0.4074074074074074,1,0,0
1,0.31,3,0.0,0,0,0,0,25,87,698,1,87,698,25,0.12446351931330472,1,0,0
1,0.2,1,0.0,0,28,0,0,0,15,64,1,15,64,0,0.23076923076923078,0,0,0
1,0.55,1,0.44,0,0,0,0,33,166,596,1,166,596,33,0.2780569514237856,1,0,0
1,0.38,1,0.33,0,21,0,0,44,66,75,1,66,75,44,0.868421052631579,0,0,0
1,0.57,2,0.0,0,0,0,0,4,96,339,1,96,339,4,0.2823529411764706,1,0,0
1,0.57,1,0.0,0,11,0,0,0,57,73,1,57,73,0,0.7702702702702703,0,0,0
1,0.27,1,0.0,0,0,0,0,2,150,487,1,150,487,2,0.3073770491803279,1,0,0
